<?xml version="1.0" encoding="UTF-8"?>
<project-private xmlns="http://www.netbeans.org/ns/project-private/1">
    <data xmlns="http://www.netbeans.org/ns/make-project-private/1">
        <activeConfTypeElem>1</activeConfTypeElem>
        <activeConfIndexElem>0</activeConfIndexElem>
    </data>
    <editor-bookmarks xmlns="http://www.netbeans.org/ns/editor-bookmarks/2" lastBookmarkId="0"/>
    <open-files xmlns="http://www.netbeans.org/ns/projectui-open-files/2">
        <group>
            <file>file:/C:/Users/marco/Desktop/trabalholp_recurso/trabalholp_recurso/equipamentos.h</file>
            <file>file:/C:/Users/marco/Desktop/trabalholp_recurso/trabalholp_recurso/manutencao.h</file>
            <file>file:/C:/Users/marco/Desktop/trabalholp_recurso/trabalholp_recurso/utilizadores.c</file>
            <file>file:/C:/Users/marco/Desktop/trabalholp_recurso/trabalholp_recurso/manutencao.c</file>
            <file>file:/C:/Users/marco/Desktop/trabalholp_recurso/trabalholp_recurso/menus.c</file>
            <file>file:/C:/Users/marco/Desktop/trabalholp_recurso/trabalholp_recurso/utilizadores.h</file>
            <file>file:/C:/Users/marco/Desktop/trabalholp_recurso/trabalholp_recurso/main.c</file>
            <file>file:/C:/Users/marco/Desktop/trabalholp_recurso/trabalholp_recurso/input.c</file>
            <file>file:/C:/Users/marco/Desktop/trabalholp_recurso/trabalholp_recurso/menus.h</file>
            <file>file:/C:/Users/marco/Desktop/trabalholp_recurso/trabalholp_recurso/equipamentos.c</file>
        </group>
    </open-files>
</project-private>
